indroea,demarc,area_km2,elev_mean,slope_mean,clay_pct,sand_pct,forest_frac,crop_frac,p_mean,pet_mean,aridity,frac_snow,p_seasonality,high_prec_freq,low_prec_freq,wet_day_frac,runoff_coef,qc_flag
2000,duero,120.7,1536.503,11.22,17.028,47.14,0.924,0.0,2.434,2.179,0.895,0.175,0.772,14.69,217.0,0.406,0.68,clean
2002,duero,1459.2,1261.213,6.525,21.315,42.173,0.572,0.147,2.039,2.393,1.174,0.086,0.754,15.73,227.2,0.378,0.305,clean
2003,duero,57.1,1078.608,5.233,23.616,39.11,0.343,0.269,2.021,2.256,1.116,0.076,0.735,17.02,234.1,0.359,0.424,clean
2005,duero,896.5,1089.46,4.2,21.408,41.512,0.589,0.087,1.8,2.599,1.444,0.044,0.885,18.39,242.6,0.336,0.277,clean
2006,duero,89.0,1628.602,7.437,16.851,57.638,0.262,0.0,2.642,2.256,0.854,0.114,1.15,20.35,248.0,0.321,0.614,clean
2009,duero,37.9,1471.623,12.566,21.761,42.397,0.749,0.01,1.981,2.472,1.248,0.079,0.898,17.84,236.9,0.351,0.719,clean
2012,duero,468.0,1131.64,4.535,21.963,45.866,0.287,0.341,1.912,2.557,1.338,0.05,0.921,17.92,238.5,0.347,0.203,clean
2016,duero,271.8,1294.706,7.21,15.476,57.018,0.431,0.031,2.071,2.499,1.206,0.07,0.934,18.23,234.9,0.357,0.466,clean
2019,duero,453.3,1284.098,11.432,21.794,41.786,0.483,0.019,2.59,2.046,0.79,0.121,0.46,11.81,194.8,0.467,0.739,clean
2021,duero,259.3,1363.573,12.305,21.285,42.199,0.486,0.003,2.793,2.002,0.717,0.126,0.393,10.94,187.0,0.488,0.761,clean
2024,duero,1117.3,1139.772,8.531,22.837,40.254,0.355,0.139,2.222,2.162,0.973,0.091,0.575,12.98,209.9,0.425,0.488,clean
2028,duero,355.5,1255.737,7.558,20.722,41.986,0.789,0.0,2.464,2.339,0.949,0.106,0.869,15.84,221.3,0.394,0.423,clean
2030,duero,1201.4,1196.333,7.66,21.739,41.332,0.635,0.065,2.416,2.355,0.975,0.084,0.87,15.68,220.4,0.397,0.393,clean
2031,duero,2421.4,1061.634,5.331,23.439,39.702,0.41,0.349,2.1,2.458,1.17,0.047,0.901,16.6,230.2,0.37,0.286,clean
2034,duero,34.7,1574.84,13.847,19.993,42.238,0.21,0.0,3.027,1.993,0.659,0.17,0.672,13.45,196.2,0.463,1.017,karst_high
2035,duero,72.1,1489.535,14.925,20.123,41.988,0.359,0.0,2.918,2.041,0.699,0.152,0.757,14.77,203.6,0.443,0.563,clean
2038,duero,397.9,1586.636,15.91,19.709,42.72,0.303,0.0,2.939,2.001,0.681,0.156,0.57,12.45,192.2,0.474,0.769,clean
2040,duero,953.9,1207.178,7.518,21.251,41.168,0.222,0.409,2.332,2.281,0.978,0.06,0.699,15.58,216.4,0.408,0.519,clean
2041,duero,311.4,929.935,1.883,24.414,38.69,0.16,0.746,1.839,2.478,1.347,0.02,0.817,19.89,248.8,0.319,0.162,clean
2042,duero,2259.2,1013.727,3.954,22.651,40.413,0.169,0.609,1.96,2.448,1.249,0.027,0.765,17.66,235.9,0.354,0.252,clean
2044,duero,997.8,907.132,2.952,26.3,36.829,0.105,0.699,1.617,2.651,1.639,0.014,0.953,19.77,252.8,0.308,0.098,clean
2046,duero,764.4,1295.02,5.869,17.552,56.004,0.1,0.185,1.868,2.468,1.321,0.066,0.917,20.47,250.7,0.314,0.205,clean
2047,duero,135.9,1346.619,5.605,19.389,52.82,0.064,0.006,1.628,2.497,1.534,0.062,0.997,19.98,255.5,0.301,0.281,clean
2049,duero,271.2,997.358,3.098,25.828,37.202,0.185,0.595,1.739,2.569,1.477,0.026,0.969,19.08,248.2,0.321,0.157,clean
2050,duero,252.7,1396.252,9.123,14.984,58.113,0.457,0.032,2.149,2.41,1.122,0.09,0.922,18.85,236.1,0.354,0.518,clean
2051,duero,36.0,1609.511,14.053,13.619,59.213,0.904,0.0,1.979,2.465,1.246,0.066,0.963,19.24,242.0,0.337,0.798,clean
2052,duero,231.7,1323.915,8.775,15.719,57.969,0.392,0.039,1.812,2.521,1.391,0.054,0.995,19.47,247.4,0.323,0.419,clean
2053,duero,1447.2,1135.55,5.057,19.441,52.265,0.228,0.343,1.852,2.571,1.388,0.038,0.975,19.05,243.2,0.334,0.209,clean
2057,duero,188.2,1193.002,5.149,18.493,52.969,0.236,0.139,2.054,2.539,1.236,0.059,0.941,18.55,236.0,0.354,0.266,clean
2060,duero,3281.3,1142.073,7.171,20.844,42.714,0.255,0.188,2.16,2.332,1.08,0.054,0.791,16.82,228.8,0.374,0.312,clean
2068,duero,154.4,1517.568,18.509,20.073,42.09,0.234,0.001,2.807,2.029,0.723,0.173,0.635,12.55,196.5,0.462,0.994,karst_high
2070,duero,342.9,1400.076,15.603,21.367,41.445,0.315,0.01,2.621,2.098,0.801,0.141,0.615,13.35,204.1,0.441,0.906,karst_high
2073,duero,743.9,1030.091,5.227,21.463,42.475,0.476,0.292,2.222,2.35,1.058,0.045,0.917,18.44,234.6,0.358,0.375,clean
2075,duero,526.6,1480.299,15.642,21.526,40.958,0.188,0.005,2.918,2.027,0.695,0.163,0.643,12.71,199.4,0.454,0.813,karst_high
2076,duero,482.3,1358.703,12.396,21.023,43.078,0.403,0.001,2.579,2.135,0.828,0.142,0.884,15.89,219.2,0.4,0.716,clean
2078,duero,145.3,1507.249,15.344,19.772,42.353,0.307,0.008,3.173,2.003,0.631,0.18,0.588,11.82,188.9,0.483,1.076,karst_high
2080,duero,303.1,1434.567,10.712,15.289,56.782,0.326,0.0,2.964,2.209,0.745,0.079,0.941,19.08,230.0,0.37,1.182,karst_high
2082,duero,663.5,1108.718,7.731,20.467,42.878,0.349,0.089,1.933,2.481,1.283,0.021,0.774,20.21,251.5,0.311,0.413,clean
2084,duero,2399.1,1237.774,7.2,19.044,50.876,0.184,0.063,2.47,2.455,0.994,0.037,1.118,20.05,245.4,0.328,0.41,clean
2085,duero,862.0,1549.341,11.929,17.558,54.664,0.246,0.0,3.004,2.28,0.759,0.088,1.166,20.06,243.0,0.335,0.714,clean
2089,duero,280.3,1370.247,12.68,19.784,44.939,0.26,0.0,2.317,2.303,0.994,0.059,0.741,20.0,241.3,0.339,0.614,clean
2091,duero,1699.8,809.318,4.23,21.899,43.062,0.38,0.056,2.209,2.754,1.247,0.003,1.286,22.6,261.6,0.284,0.266,clean
2094,duero,2472.2,837.356,2.301,20.922,45.853,0.14,0.118,1.751,2.721,1.554,0.005,1.15,21.69,262.3,0.282,0.144,clean
2101,duero,134.1,1427.097,9.401,18.586,44.77,0.912,0.0,2.396,2.257,0.942,0.148,0.807,15.21,219.9,0.398,0.75,clean
2103,duero,742.2,1425.723,17.207,20.027,42.143,0.442,0.004,3.288,1.998,0.608,0.156,0.555,10.85,183.6,0.497,0.901,karst_high
2104,duero,394.5,1136.859,8.113,20.46,43.66,0.681,0.05,2.502,2.226,0.89,0.086,0.931,17.21,226.2,0.381,0.381,clean
2111,duero,1354.1,1235.414,11.708,20.253,42.636,0.454,0.076,2.746,2.172,0.791,0.09,0.694,13.31,200.3,0.452,0.411,clean
2116,duero,1763.8,1002.12,4.487,26.219,34.864,0.243,0.484,1.979,2.378,1.202,0.041,0.876,16.16,229.6,0.371,0.236,clean
2124,duero,893.2,792.691,0.855,24.96,39.881,0.023,0.889,1.468,2.719,1.853,0.008,0.921,21.24,266.4,0.271,0.069,regulated_low
2125,duero,287.4,954.806,3.6,28.377,31.47,0.14,0.54,1.887,2.374,1.258,0.036,0.834,16.53,232.8,0.363,0.291,clean
2126,duero,1341.4,775.648,1.233,24.026,41.006,0.057,0.879,1.489,2.725,1.831,0.008,0.942,20.9,265.7,0.273,0.057,regulated_low
2129,duero,1066.6,808.423,1.533,23.201,47.385,0.024,0.896,1.343,2.831,2.109,0.008,1.059,21.37,270.1,0.261,0.04,regulated_low
2134,duero,408.1,1577.535,15.72,19.72,42.754,0.317,0.0,2.931,2.005,0.684,0.155,0.577,12.53,192.7,0.473,0.556,clean
2143,duero,1442.5,934.731,3.147,21.993,42.351,0.262,0.563,1.95,2.483,1.273,0.02,0.89,19.45,244.5,0.331,0.239,clean
2818,duero,721.2,707.524,7.52,18.013,50.498,0.434,0.025,2.738,2.483,0.907,0.006,1.103,19.37,237.5,0.35,0.449,clean
3001,tajo,410.9,1579.657,8.257,21.256,42.41,0.672,0.016,2.118,2.43,1.147,0.113,0.9,18.6,237.8,0.349,0.474,clean
3002,tajo,41.7,1775.53,15.778,11.096,60.393,0.648,0.0,2.09,2.403,1.15,0.095,0.944,19.74,241.5,0.339,1.371,karst_high
3003,tajo,1601.9,1015.898,4.368,24.573,37.913,0.259,0.394,1.651,2.796,1.694,0.019,1.07,21.82,261.9,0.283,0.083,clean
3005,tajo,3280.1,1275.617,6.695,22.176,41.311,0.509,0.103,1.815,2.61,1.438,0.056,0.908,18.9,244.5,0.33,0.24,clean
3030,tajo,941.7,1311.889,4.799,22.671,41.234,0.227,0.246,1.746,2.592,1.485,0.069,0.877,18.48,246.7,0.325,0.088,clean
3041,tajo,648.8,1251.564,7.762,22.362,40.954,0.744,0.024,1.995,2.616,1.312,0.054,1.002,20.37,247.6,0.322,0.377,clean
3045,tajo,342.5,1253.029,9.927,22.314,40.656,0.774,0.053,2.059,2.623,1.274,0.05,0.998,20.87,248.3,0.32,0.432,clean
3051,tajo,2439.1,1119.32,8.534,19.169,48.909,0.461,0.11,1.79,2.63,1.47,0.038,1.025,19.5,251.4,0.312,0.134,clean
3054,tajo,238.4,1057.224,7.611,15.538,57.944,0.334,0.012,1.771,2.692,1.52,0.029,1.098,20.89,257.3,0.296,0.15,clean
3067,tajo,519.5,1303.205,9.798,21.447,42.095,0.665,0.019,1.812,2.546,1.405,0.06,0.957,19.1,247.3,0.323,0.348,clean
3070,tajo,708.3,946.748,5.906,17.77,53.033,0.28,0.011,1.708,2.79,1.633,0.016,1.176,21.0,262.4,0.282,0.191,clean
3080,tajo,638.9,1118.618,3.859,23.579,40.556,0.269,0.243,1.63,2.716,1.667,0.03,1.04,20.73,258.5,0.292,0.141,clean
3082,tajo,2084.0,977.871,4.308,24.837,37.479,0.265,0.411,1.645,2.834,1.723,0.016,1.084,22.34,263.2,0.28,0.098,clean
3100,tajo,234.9,1163.947,8.198,14.974,59.029,0.615,0.007,1.866,2.593,1.39,0.04,1.06,20.24,252.6,0.308,0.382,clean
3144,tajo,387.6,758.812,9.532,19.252,51.092,0.47,0.034,2.807,2.751,0.98,0.005,1.349,22.1,257.4,0.295,0.332,clean
3147,tajo,660.0,756.255,10.604,19.015,51.732,0.404,0.021,2.621,2.835,1.082,0.004,1.443,23.06,263.4,0.279,0.695,clean
3153,tajo,1617.7,1255.065,10.493,18.605,49.263,0.57,0.021,1.897,2.54,1.339,0.06,0.975,18.95,244.9,0.329,0.126,clean
3159,tajo,436.9,1370.057,10.379,21.303,42.6,0.649,0.006,1.869,2.501,1.338,0.069,0.939,18.94,245.1,0.329,0.392,clean
3161,tajo,781.4,739.115,8.751,17.571,55.023,0.667,0.012,1.778,2.816,1.584,0.008,1.407,21.97,272.1,0.255,0.422,clean
3162,tajo,388.5,466.673,5.905,21.586,44.793,0.422,0.116,2.248,3.033,1.349,0.001,1.452,23.79,273.8,0.25,0.475,clean
3163,tajo,965.5,465.586,5.732,21.671,42.66,0.498,0.022,2.1,2.997,1.428,0.001,1.462,23.81,275.5,0.246,0.335,clean
3169,tajo,1970.1,373.402,2.261,20.27,45.687,0.115,0.041,1.617,3.151,1.948,0.0,1.385,24.85,280.4,0.232,0.17,clean
3172,tajo,419.2,968.433,6.085,25.278,36.962,0.3,0.396,1.753,2.812,1.604,0.016,1.051,22.87,263.9,0.277,0.065,regulated_low
3173,tajo,255.2,919.583,4.095,24.865,37.015,0.15,0.543,1.766,2.786,1.577,0.02,1.056,22.6,263.1,0.28,0.045,regulated_low
3177,tajo,1184.0,822.45,4.213,20.852,47.447,0.217,0.086,1.549,2.899,1.872,0.008,1.232,21.32,269.2,0.263,0.642,clean
3182,tajo,419.1,925.346,5.752,20.636,46.302,0.382,0.011,2.007,2.655,1.323,0.01,1.14,21.48,258.2,0.293,0.314,clean
3185,tajo,49.1,551.925,6.449,22.331,39.618,0.724,0.007,2.452,2.904,1.184,0.002,1.438,23.37,269.0,0.263,0.408,clean
3186,tajo,385.1,1031.231,5.587,23.766,39.411,0.382,0.361,1.965,2.716,1.382,0.029,1.066,22.37,256.9,0.297,0.066,regulated_low
3198,tajo,261.4,728.437,3.568,18.9,53.529,0.192,0.123,1.439,2.938,2.042,0.006,1.307,21.76,277.5,0.24,0.134,clean
3200,tajo,238.2,1080.779,10.802,17.801,53.135,0.537,0.0,2.935,2.564,0.874,0.012,1.221,21.06,249.1,0.318,0.502,clean
3211,tajo,138.0,811.766,8.491,23.809,39.871,0.458,0.089,1.757,2.952,1.68,0.005,1.162,24.39,271.7,0.256,0.197,clean
3213,tajo,197.4,776.264,9.435,22.464,41.523,0.681,0.053,1.858,2.985,1.607,0.003,1.196,24.95,271.8,0.256,0.257,clean
3217,tajo,177.2,877.047,5.14,15.139,58.445,0.354,0.002,2.642,2.6,0.984,0.01,1.173,21.08,249.2,0.318,0.169,clean
3218,tajo,102.4,946.474,10.152,19.424,49.113,0.849,0.0,2.102,2.73,1.299,0.006,1.255,22.26,261.3,0.285,0.908,karst_high
3220,tajo,457.5,448.48,2.518,19.062,46.022,0.157,0.019,1.569,3.146,2.005,0.0,1.424,24.66,282.1,0.228,0.13,clean
3221,tajo,266.4,773.942,11.784,22.722,40.876,0.831,0.004,2.222,2.918,1.313,0.002,1.254,24.56,266.4,0.271,0.378,clean
3222,tajo,186.5,680.828,10.707,22.485,40.026,0.765,0.001,2.205,2.959,1.342,0.001,1.243,25.55,270.1,0.26,0.2,clean
3224,tajo,83.1,644.547,7.098,18.91,52.444,0.517,0.0,2.644,2.958,1.119,0.001,1.573,23.97,272.0,0.255,0.271,clean
3225,tajo,87.4,1285.035,21.003,16.371,58.166,0.339,0.0,2.748,2.543,0.925,0.032,1.306,21.19,250.9,0.313,1.218,karst_high
3226,tajo,60.2,1332.97,22.228,17.231,56.406,0.372,0.0,2.528,2.642,1.045,0.02,1.327,21.35,254.2,0.304,1.359,karst_high
3229,tajo,68.9,1265.092,20.329,17.235,55.52,0.351,0.0,2.931,2.62,0.894,0.015,1.377,22.06,253.8,0.305,1.373,karst_high
3230,tajo,1236.8,763.691,3.081,23.78,41.205,0.188,0.473,1.318,3.02,2.292,0.006,1.13,23.35,280.9,0.231,0.026,regulated_low
3231,tajo,699.0,1387.097,9.697,15.452,59.756,0.233,0.0,2.153,2.412,1.12,0.065,1.122,20.44,252.7,0.308,0.429,clean
3232,tajo,428.9,588.848,1.393,26.144,39.997,0.016,0.665,1.31,3.131,2.39,0.002,1.282,23.98,285.0,0.22,0.099,clean
3233,tajo,261.6,737.573,2.139,20.186,50.937,0.082,0.534,1.332,2.996,2.249,0.005,1.099,23.5,281.6,0.229,0.014,regulated_low
3234,tajo,224.4,817.514,11.626,16.719,56.682,0.585,0.005,2.937,2.812,0.958,0.005,1.512,23.27,263.1,0.28,0.728,clean
3235,tajo,109.1,845.341,18.537,22.481,40.413,0.863,0.0,2.373,2.744,1.157,0.004,1.36,23.03,264.2,0.277,0.783,clean
3236,tajo,73.1,892.625,19.367,22.549,41.834,0.829,0.0,2.166,2.715,1.254,0.006,1.293,22.52,262.9,0.28,1.03,karst_high
3244,tajo,131.5,617.69,9.457,22.747,38.989,0.822,0.002,2.203,3.014,1.368,0.0,1.284,25.4,270.7,0.259,0.296,clean
3245,tajo,53.5,543.189,8.288,22.296,39.864,0.813,0.007,2.495,2.884,1.156,0.002,1.438,23.19,269.0,0.264,0.469,clean
3266,tajo,88.4,604.807,1.544,23.413,46.975,0.028,0.526,1.261,3.033,2.406,0.003,1.373,23.47,288.6,0.21,0.039,regulated_low
4004,guadiana,858.6,964.598,1.483,27.266,38.79,0.102,0.53,1.473,2.929,1.988,0.012,1.155,22.1,268.7,0.264,0.166,clean
4101,guadiana,458.1,915.095,1.699,28.02,36.814,0.081,0.573,1.495,3.002,2.008,0.008,1.217,22.76,269.3,0.263,0.1,clean
4103,guadiana,2332.0,769.264,2.686,27.197,38.317,0.087,0.621,1.434,3.098,2.161,0.003,1.246,23.27,273.6,0.251,0.04,regulated_low
4108,guadiana,741.5,695.293,2.985,24.869,39.963,0.251,0.323,1.462,3.094,2.117,0.002,1.217,23.95,279.7,0.234,0.078,regulated_low
4156,guadiana,40.3,646.403,7.27,24.023,39.659,0.908,0.0,1.727,3.187,1.846,0.0,1.459,24.29,285.3,0.219,1.37,karst_high
4157,guadiana,67.0,553.667,8.351,23.471,40.214,0.917,0.001,1.709,3.221,1.885,0.0,1.46,24.37,285.0,0.22,0.849,karst_high
4158,guadiana,88.2,483.65,6.74,24.654,39.402,0.769,0.002,1.682,3.238,1.925,0.0,1.46,24.58,285.5,0.218,0.293,clean
4160,guadiana,46.8,539.186,6.381,22.193,42.234,0.832,0.0,1.667,3.234,1.94,0.0,1.431,24.47,284.2,0.222,0.345,clean
4161,guadiana,98.8,203.596,2.202,28.282,36.188,0.045,0.022,1.41,3.372,2.392,0.0,1.52,23.9,295.8,0.19,0.246,clean
4165,guadiana,430.6,363.503,3.115,25.979,38.839,0.301,0.319,1.336,3.277,2.452,0.0,1.37,24.43,287.3,0.213,0.16,clean
4172,guadiana,251.0,243.104,3.09,28.112,36.691,0.154,0.028,1.524,3.353,2.2,0.0,1.496,24.19,291.6,0.202,0.369,clean
4173,guadiana,119.2,253.754,2.8,25.585,38.403,0.327,0.024,1.481,3.369,2.275,0.0,1.473,23.97,292.1,0.2,0.227,clean
4174,guadiana,1777.0,510.518,4.311,23.618,41.29,0.317,0.155,1.487,3.179,2.137,0.0,1.33,23.82,282.2,0.227,0.096,clean
4176,guadiana,321.0,402.418,6.124,23.967,41.087,0.599,0.003,1.624,3.28,2.019,0.0,1.45,24.4,285.6,0.218,0.209,clean
4201,guadiana,887.5,884.268,2.904,25.728,38.193,0.109,0.682,1.668,2.909,1.744,0.01,1.065,22.9,267.4,0.268,0.085,clean
4206,guadiana,95.7,955.846,2.366,26.15,38.367,0.152,0.517,1.368,2.92,2.135,0.014,1.093,22.02,276.6,0.243,0.153,clean
4207,guadiana,327.1,828.248,6.617,23.567,40.255,0.487,0.195,1.364,3.03,2.221,0.006,1.175,23.74,281.5,0.229,0.142,clean
4209,guadiana,122.9,751.333,5.888,24.592,39.278,0.436,0.311,1.362,3.087,2.267,0.003,1.255,23.87,284.1,0.222,0.685,clean
4214,guadiana,2033.5,759.266,5.359,23.958,39.832,0.458,0.251,1.517,3.016,1.988,0.004,1.191,23.6,276.3,0.243,0.134,clean
4224,guadiana,2133.2,824.166,2.078,25.441,39.792,0.085,0.732,1.413,2.973,2.104,0.008,1.086,22.73,275.5,0.246,0.017,regulated_low
4251,guadiana,41.9,839.08,14.139,23.392,40.241,0.699,0.001,2.073,2.951,1.424,0.002,1.317,23.71,267.8,0.267,0.567,clean
4253,guadiana,1805.5,394.374,2.989,23.728,40.333,0.218,0.268,1.608,3.163,1.967,0.0,1.476,23.79,282.0,0.228,0.421,clean
4255,guadiana,2094.3,341.244,3.248,22.869,42.358,0.275,0.067,1.515,3.183,2.101,0.0,1.424,24.58,284.3,0.222,0.255,clean
5001,guadalquivir,592.2,1179.577,15.5,25.948,36.304,0.762,0.003,1.893,2.804,1.481,0.034,1.234,20.84,257.2,0.296,0.459,clean
5002,guadalquivir,1355.8,936.199,12.344,27.552,34.483,0.814,0.02,1.893,2.982,1.575,0.011,1.32,21.97,260.9,0.286,0.258,clean
5016,guadalquivir,2411.5,547.817,6.807,30.329,31.922,0.607,0.141,1.656,3.295,1.99,0.001,1.463,24.23,277.6,0.24,0.111,clean
5020,guadalquivir,178.0,1969.779,21.253,18.281,48.252,0.259,0.0,1.851,2.514,1.358,0.116,1.081,21.53,261.5,0.284,0.43,clean
5024,guadalquivir,136.9,1088.519,11.246,27.047,36.442,0.586,0.025,1.594,3.016,1.892,0.012,1.227,23.23,270.8,0.259,0.169,clean
5025,guadalquivir,1243.0,906.007,6.58,25.888,38.381,0.442,0.208,1.477,3.029,2.05,0.012,1.242,21.68,269.8,0.261,0.171,clean
5028,guadalquivir,2667.8,829.973,7.685,27.104,36.108,0.626,0.11,1.568,3.068,1.956,0.01,1.312,21.74,267.5,0.268,0.192,clean
5029,guadalquivir,1108.8,810.542,10.154,28.461,34.389,0.649,0.055,1.734,3.156,1.82,0.003,1.278,23.76,270.5,0.26,0.161,clean
5038,guadalquivir,139.2,1415.966,13.404,20.876,44.562,0.52,0.0,1.783,2.793,1.566,0.049,1.044,22.21,264.7,0.275,0.268,clean
5041,guadalquivir,269.0,1069.045,9.675,28.856,34.35,0.729,0.053,1.574,3.0,1.906,0.012,1.358,23.21,273.7,0.251,0.09,clean
5042,guadalquivir,357.6,952.959,7.784,29.492,33.584,0.652,0.102,1.622,3.017,1.86,0.008,1.334,23.64,274.2,0.249,0.167,clean
5050,guadalquivir,159.3,2048.787,21.71,17.874,48.88,0.235,0.0,1.867,2.477,1.327,0.137,1.073,21.58,260.6,0.286,0.946,karst_high
5054,guadalquivir,89.1,1483.171,11.092,24.719,39.494,0.612,0.02,1.623,2.738,1.686,0.052,1.058,20.13,257.4,0.295,0.022,regulated_low
5057,guadalquivir,1286.1,120.628,1.716,32.168,33.013,0.165,0.61,1.428,3.504,2.454,0.0,1.63,24.29,295.1,0.192,0.275,clean
5076,guadalquivir,884.0,187.328,3.467,28.106,36.397,0.249,0.274,1.594,3.439,2.157,0.0,1.57,23.9,298.0,0.184,0.161,clean
5080,guadalquivir,2865.1,1050.472,8.263,26.232,37.263,0.486,0.144,1.599,3.002,1.877,0.01,1.251,22.6,271.3,0.257,0.127,clean
5081,guadalquivir,1640.5,677.515,8.217,29.373,33.106,0.711,0.021,1.752,3.213,1.834,0.001,1.419,24.06,274.0,0.25,0.14,clean
5082,guadalquivir,209.8,937.294,12.035,27.427,36.022,0.755,0.001,1.815,3.111,1.714,0.004,1.34,23.81,269.4,0.263,0.293,clean
5083,guadalquivir,779.8,963.161,12.637,27.756,35.28,0.712,0.004,1.74,3.082,1.771,0.005,1.255,23.68,269.0,0.264,0.17,clean
5084,guadalquivir,285.4,997.847,14.447,27.703,35.363,0.775,0.003,1.775,3.081,1.736,0.005,1.289,23.71,268.9,0.264,0.17,clean
5086,guadalquivir,41.2,2082.452,18.377,18.135,48.62,0.213,0.0,1.796,2.639,1.47,0.054,1.185,21.64,266.8,0.27,0.809,karst_high
5088,guadalquivir,101.3,1022.62,10.041,28.433,34.927,0.239,0.051,1.74,2.953,1.697,0.002,1.49,23.43,280.5,0.232,0.853,karst_high
5090,guadalquivir,595.0,234.684,4.311,26.464,38.712,0.304,0.123,1.617,3.413,2.111,0.0,1.568,23.9,297.3,0.186,0.183,clean
5091,guadalquivir,59.6,849.536,10.473,29.963,32.365,0.758,0.001,1.683,3.136,1.863,0.002,1.404,24.05,277.2,0.241,0.487,clean
5097,guadalquivir,308.9,553.029,7.224,30.093,32.285,0.714,0.02,1.632,3.22,1.974,0.001,1.489,23.89,283.1,0.225,0.261,clean
5104,guadalquivir,344.0,396.357,3.158,28.615,35.108,0.534,0.09,1.332,3.392,2.547,0.001,1.53,23.27,283.8,0.223,0.113,clean
5107,guadalquivir,485.8,382.294,4.689,30.602,31.999,0.69,0.064,1.574,3.341,2.123,0.001,1.437,24.74,281.5,0.229,0.044,regulated_low
5123,guadalquivir,348.8,155.73,1.32,32.995,31.8,0.148,0.752,1.389,3.542,2.55,0.0,1.62,23.92,298.2,0.183,0.119,clean
5125,guadalquivir,1487.7,279.159,3.406,30.376,33.104,0.276,0.488,1.422,3.388,2.382,0.0,1.602,23.98,292.5,0.199,0.06,regulated_low
5126,guadalquivir,77.6,273.1,3.93,26.015,38.016,0.584,0.02,1.625,3.463,2.132,0.0,1.617,23.69,295.8,0.19,0.47,clean
5128,guadalquivir,128.4,298.444,4.434,20.772,49.245,0.659,0.0,1.651,3.413,2.068,0.0,1.577,23.37,295.4,0.191,0.251,clean
5132,guadalquivir,1251.0,123.202,1.738,32.311,32.856,0.168,0.619,1.426,3.503,2.456,0.0,1.63,24.35,295.2,0.192,0.06,regulated_low
5134,guadalquivir,65.0,1345.98,16.545,25.672,36.871,0.91,0.0,1.636,2.912,1.78,0.026,1.321,22.6,269.0,0.263,0.816,karst_high
5135,guadalquivir,109.0,1098.509,15.793,27.771,34.604,0.79,0.0,2.048,2.996,1.463,0.011,1.353,22.21,259.9,0.288,0.335,clean
5136,guadalquivir,187.9,805.124,10.6,28.742,32.926,0.911,0.014,1.856,3.073,1.655,0.007,1.381,23.0,265.0,0.275,0.187,clean
5137,guadalquivir,66.2,1286.879,13.13,26.45,37.793,0.65,0.002,1.69,3.015,1.784,0.01,1.227,23.14,270.2,0.26,0.49,clean
5138,guadalquivir,220.7,745.307,4.76,25.38,38.358,0.293,0.153,1.513,3.091,2.043,0.002,1.235,24.1,278.5,0.237,0.177,clean
5140,guadalquivir,1650.0,1228.098,7.097,23.767,41.758,0.255,0.204,1.571,2.974,1.893,0.027,1.046,21.27,266.6,0.27,0.024,regulated_low
5141,guadalquivir,403.4,546.868,6.63,19.642,51.768,0.673,0.002,1.516,3.281,2.164,0.001,1.453,23.73,285.1,0.219,0.373,clean
5142,guadalquivir,676.4,414.257,4.339,31.332,31.507,0.704,0.104,1.64,3.354,2.045,0.001,1.465,24.6,281.0,0.231,0.05,regulated_low
5144,guadalquivir,166.8,463.212,3.054,27.934,35.542,0.536,0.269,1.427,3.19,2.235,0.001,1.579,24.26,291.8,0.201,0.065,regulated_low
5145,guadalquivir,297.6,579.974,5.822,27.426,34.225,0.714,0.016,1.602,3.213,2.006,0.0,1.479,23.87,292.2,0.2,0.266,clean
5146,guadalquivir,423.0,495.809,7.193,29.697,33.374,0.354,0.151,1.604,3.156,1.967,0.0,1.546,23.85,287.8,0.212,0.081,clean
5152,guadalquivir,25.9,1201.507,12.383,28.211,35.98,0.556,0.002,1.699,2.967,1.746,0.015,1.382,23.4,271.1,0.258,0.401,clean
7004,segura,1078.9,909.961,9.138,25.83,37.252,0.586,0.065,1.245,3.013,2.419,0.01,1.126,20.98,278.4,0.238,0.655,clean
7040,segura,49.0,435.414,3.497,27.09,36.66,0.246,0.236,1.031,3.32,3.221,0.001,1.298,19.61,304.5,0.166,0.013,regulated_low
7043,segura,1088.5,905.663,9.096,25.842,37.236,0.584,0.066,1.243,3.015,2.426,0.01,1.126,20.97,278.6,0.237,0.032,regulated_low
7050,segura,578.1,1134.71,11.868,24.886,38.363,0.812,0.013,1.4,2.891,2.065,0.028,1.125,20.84,270.7,0.259,0.398,clean
7055,segura,595.7,1220.043,9.733,25.427,37.985,0.583,0.031,1.67,2.852,1.708,0.034,0.993,20.53,259.5,0.29,0.032,regulated_low
7057,segura,2240.7,1173.747,10.887,25.787,37.409,0.601,0.028,1.628,2.878,1.767,0.028,1.055,19.95,258.8,0.292,0.188,clean
7070,segura,62.1,127.379,3.174,27.913,35.036,0.149,0.028,0.817,3.184,3.898,0.0,1.492,19.13,315.6,0.136,0.261,clean
7124,segura,2663.3,1090.315,10.39,26.005,37.041,0.577,0.032,1.556,2.924,1.879,0.02,1.058,20.29,261.9,0.283,0.24,clean
8005,jucar,2516.2,1091.192,8.727,23.456,39.83,0.523,0.066,1.696,2.641,1.557,0.025,0.804,19.39,256.5,0.298,0.114,clean
8009,jucar,41.4,951.463,17.873,26.526,36.467,0.943,0.0,1.854,2.661,1.435,0.01,0.778,19.64,268.1,0.266,0.183,clean
8010,jucar,45.9,833.743,13.245,28.343,34.302,0.787,0.0,1.911,2.637,1.38,0.015,0.723,19.44,264.3,0.276,0.097,clean
8012,jucar,321.5,1338.741,8.639,22.053,41.716,0.428,0.034,1.631,2.605,1.598,0.048,0.799,20.73,263.9,0.277,0.523,clean
8014,jucar,96.8,1593.442,7.096,21.683,42.334,0.489,0.012,2.012,2.446,1.216,0.107,0.904,18.82,242.2,0.337,0.291,clean
8015,jucar,2278.5,1307.316,5.39,22.699,40.941,0.202,0.285,1.504,2.604,1.732,0.071,0.886,19.11,257.1,0.296,0.076,regulated_low
8024,jucar,82.4,717.768,15.357,28.127,35.864,0.391,0.0,1.449,2.78,1.918,0.001,1.298,20.35,283.4,0.224,0.11,clean
8027,jucar,1418.2,1276.249,4.508,23.216,40.613,0.109,0.401,1.395,2.613,1.873,0.069,0.881,19.27,263.9,0.278,0.045,regulated_low
8028,jucar,478.7,1429.298,5.481,23.001,39.891,0.135,0.288,1.543,2.538,1.645,0.088,0.878,19.16,257.1,0.296,0.092,clean
8029,jucar,320.2,498.506,6.242,28.256,33.772,0.392,0.102,1.505,3.091,2.054,0.002,1.248,20.55,285.6,0.218,0.162,clean
8030,jucar,667.3,1266.001,6.074,21.893,41.57,0.432,0.139,1.531,2.595,1.695,0.057,0.841,19.61,260.8,0.286,0.064,regulated_low
8032,jucar,999.6,1311.868,7.768,22.087,41.608,0.693,0.056,2.042,2.59,1.268,0.06,0.982,20.82,249.4,0.317,0.37,clean
8057,jucar,260.7,525.255,6.378,28.276,33.837,0.419,0.107,1.478,3.096,2.094,0.002,1.238,20.61,286.3,0.216,0.08,clean
8060,jucar,683.0,896.324,3.621,23.998,40.656,0.336,0.336,1.294,2.954,2.283,0.013,0.95,21.03,281.8,0.229,0.034,regulated_low
8071,jucar,549.3,701.443,9.562,27.534,35.143,0.474,0.036,1.628,2.893,1.778,0.002,1.264,20.63,279.1,0.236,0.171,clean
8087,jucar,187.0,920.96,2.808,26.88,36.811,0.059,0.81,1.601,2.883,1.801,0.011,1.066,22.76,269.2,0.263,0.131,clean
8090,jucar,831.4,1343.641,8.704,21.932,41.507,0.582,0.036,1.746,2.621,1.501,0.062,0.937,20.74,255.5,0.3,0.291,clean
8091,jucar,1821.6,1176.903,6.284,22.754,40.794,0.577,0.2,1.925,2.681,1.393,0.036,1.006,21.11,253.8,0.305,0.259,clean
8092,jucar,686.1,1053.466,5.801,22.73,41.247,0.54,0.098,1.439,2.862,1.99,0.025,0.951,21.32,272.2,0.255,0.089,clean
8093,jucar,1082.5,822.442,4.608,24.286,39.371,0.465,0.257,1.336,2.975,2.227,0.012,0.945,20.98,280.9,0.231,0.03,regulated_low
8097,jucar,82.5,1219.618,7.589,24.057,39.601,0.901,0.014,1.387,2.907,2.096,0.026,1.101,21.34,272.4,0.254,0.324,clean
8103,jucar,3006.9,1265.39,5.909,22.533,40.961,0.244,0.239,1.484,2.629,1.772,0.064,0.885,19.27,258.7,0.292,0.055,regulated_low
8104,jucar,241.4,1287.385,8.71,22.85,40.663,0.57,0.061,1.567,2.676,1.707,0.06,0.923,20.64,262.1,0.282,0.279,clean
8111,jucar,73.9,963.907,2.725,25.493,38.085,0.247,0.578,1.564,2.843,1.817,0.015,1.074,22.21,270.5,0.259,0.049,regulated_low
8118,jucar,259.8,1013.31,3.667,24.699,38.656,0.442,0.303,1.538,2.842,1.848,0.017,1.076,22.0,271.5,0.257,0.054,regulated_low
8126,jucar,245.2,1495.845,11.184,21.724,41.545,0.711,0.003,2.127,2.458,1.155,0.101,0.927,19.89,244.0,0.332,0.414,clean
8129,jucar,3273.9,1059.208,4.756,23.964,39.664,0.437,0.355,1.739,2.778,1.597,0.023,1.034,21.56,260.3,0.287,0.133,clean
8134,jucar,1403.2,1232.752,7.161,22.234,41.225,0.45,0.097,1.618,2.615,1.616,0.045,0.833,19.52,258.3,0.293,0.174,clean
8137,jucar,198.2,960.418,3.277,27.094,36.791,0.201,0.315,1.401,2.939,2.098,0.013,1.053,22.39,275.2,0.247,0.087,clean
8139,jucar,1244.4,1254.214,8.074,22.144,41.395,0.642,0.037,1.701,2.691,1.582,0.046,0.947,21.08,258.0,0.294,0.318,clean
8140,jucar,802.4,1129.653,5.338,22.295,41.373,0.628,0.133,1.723,2.759,1.602,0.029,1.014,22.14,262.3,0.282,0.07,regulated_low
8141,jucar,71.5,1094.37,9.235,22.283,42.188,0.826,0.011,1.481,2.892,1.952,0.023,0.99,21.66,271.4,0.257,0.157,clean
8148,jucar,327.6,988.36,8.067,24.196,38.933,0.436,0.068,1.665,2.74,1.646,0.017,0.782,21.05,268.2,0.266,0.065,regulated_low
8151,jucar,28.2,596.091,14.438,28.729,35.036,0.375,0.0,1.566,2.732,1.744,0.0,1.419,19.9,283.9,0.223,0.413,clean
9003,ebro,1302.9,643.498,6.837,28.02,30.679,0.435,0.385,2.021,2.448,1.211,0.017,0.805,15.89,230.9,0.368,0.423,clean
9004,ebro,2748.7,612.63,8.123,27.537,31.588,0.429,0.32,2.525,2.375,0.94,0.014,0.638,15.27,213.9,0.414,0.607,clean
9006,ebro,86.6,813.363,7.954,27.361,31.0,0.706,0.234,1.918,2.408,1.255,0.028,0.837,16.37,232.8,0.363,0.341,clean
9008,ebro,743.1,1121.032,3.587,24.118,40.336,0.123,0.431,1.472,2.716,1.845,0.038,0.848,19.26,259.9,0.288,0.107,clean
9010,ebro,2203.7,1103.117,3.837,23.585,40.613,0.125,0.448,1.439,2.709,1.883,0.045,0.84,18.92,260.8,0.286,0.07,regulated_low
9013,ebro,892.1,1539.498,19.814,21.113,41.333,0.555,0.022,2.741,2.124,0.775,0.17,0.558,14.94,208.6,0.429,0.675,clean
9018,ebro,241.5,1593.412,20.711,18.94,42.986,0.544,0.003,3.787,2.069,0.546,0.206,0.404,12.42,184.2,0.496,0.575,clean
9021,ebro,306.8,1843.224,12.763,17.754,49.119,0.296,0.042,2.967,1.946,0.656,0.225,0.765,12.53,194.0,0.469,0.322,clean
9035,ebro,285.8,1487.142,13.129,20.146,42.802,0.746,0.0,2.445,2.177,0.89,0.146,0.733,14.05,210.5,0.424,0.366,clean
9036,ebro,568.1,1309.701,13.045,21.787,40.996,0.731,0.003,2.481,2.236,0.901,0.107,0.695,14.14,208.2,0.43,0.353,clean
9038,ebro,1100.2,1089.949,14.099,23.524,38.126,0.511,0.18,2.567,2.275,0.886,0.082,0.702,13.19,204.4,0.44,0.355,clean
9041,ebro,376.9,1200.465,4.923,24.439,38.616,0.189,0.315,1.473,2.669,1.812,0.054,0.831,18.82,259.9,0.288,0.061,regulated_low
9042,ebro,1497.4,1105.227,3.33,23.512,41.025,0.086,0.511,1.428,2.697,1.888,0.05,0.849,19.35,262.7,0.281,0.114,clean
9043,ebro,106.5,1302.035,7.981,24.984,38.102,0.131,0.207,2.004,2.353,1.174,0.076,0.752,17.34,233.4,0.361,0.242,clean
9044,ebro,224.8,1334.21,10.887,22.742,41.075,0.501,0.063,2.171,2.297,1.058,0.092,0.72,15.9,223.0,0.389,0.254,clean
9046,ebro,109.2,950.381,9.502,24.337,38.709,0.495,0.097,2.894,2.595,0.897,0.027,0.617,21.29,245.4,0.328,0.398,clean
9047,ebro,426.8,1117.554,12.812,24.734,37.101,0.529,0.082,2.454,2.444,0.996,0.06,0.662,18.37,234.5,0.358,0.427,clean
9048,ebro,541.8,1367.439,19.383,20.769,42.767,0.61,0.0,2.65,2.19,0.826,0.135,0.738,13.02,204.6,0.44,0.622,clean
9049,ebro,150.3,1066.754,4.664,25.616,35.967,0.344,0.493,1.707,2.535,1.485,0.034,0.69,17.64,244.7,0.33,0.069,regulated_low
9050,ebro,694.5,948.844,8.043,27.523,31.975,0.339,0.451,2.334,2.305,0.988,0.058,0.742,13.89,210.4,0.424,0.247,clean
9052,ebro,47.8,983.775,14.358,25.705,37.055,0.905,0.0,1.809,2.655,1.467,0.015,0.746,19.98,268.8,0.264,0.382,clean
9055,ebro,2498.4,1075.86,4.178,23.46,40.637,0.154,0.414,1.428,2.724,1.907,0.042,0.834,18.73,261.0,0.285,0.069,regulated_low
9057,ebro,207.3,989.228,4.525,24.99,37.495,0.1,0.507,1.35,2.722,2.017,0.022,0.842,18.84,264.5,0.276,0.06,regulated_low
9058,ebro,207.7,1151.162,5.511,22.877,41.693,0.086,0.187,1.512,2.682,1.774,0.035,0.946,19.64,260.2,0.288,0.189,clean
9059,ebro,1912.4,1153.404,13.928,23.202,38.177,0.593,0.049,3.049,2.31,0.757,0.088,0.444,15.97,206.5,0.435,0.427,clean
9062,ebro,163.0,1294.281,18.344,20.554,41.141,0.682,0.0,4.051,2.097,0.518,0.134,0.463,12.79,186.3,0.49,0.537,clean
9063,ebro,506.6,1086.977,15.416,22.923,38.522,0.795,0.011,3.864,2.145,0.555,0.091,0.468,13.32,189.0,0.483,0.442,clean
9064,ebro,397.3,963.703,12.307,24.698,36.888,0.759,0.027,3.608,2.172,0.602,0.063,0.489,14.35,195.9,0.464,0.53,clean
9065,ebro,1584.3,857.236,11.607,25.252,35.867,0.655,0.11,3.241,2.228,0.688,0.038,0.521,14.98,200.7,0.45,0.531,clean
9066,ebro,222.9,1102.533,15.443,25.139,35.964,0.735,0.0,3.837,2.101,0.548,0.054,0.413,13.73,186.7,0.489,1.034,karst_high
9067,ebro,236.0,701.9,10.172,27.264,32.169,0.739,0.038,3.245,2.204,0.679,0.018,0.508,14.58,197.0,0.461,0.748,clean
9071,ebro,884.7,741.867,8.36,27.849,31.616,0.601,0.254,2.179,2.355,1.081,0.026,0.808,15.69,224.1,0.386,0.521,clean
9073,ebro,269.0,719.139,8.772,27.433,32.306,0.363,0.243,2.294,2.524,1.1,0.018,0.621,19.08,241.1,0.34,0.204,clean
9074,ebro,1383.2,655.515,5.913,28.94,30.174,0.421,0.334,2.502,2.295,0.918,0.027,0.711,14.53,208.2,0.43,0.305,clean
9075,ebro,307.7,709.035,6.591,27.382,32.77,0.384,0.358,2.15,2.352,1.094,0.035,0.773,15.56,221.1,0.395,0.419,clean
9078,ebro,46.8,762.156,9.214,26.746,33.553,0.458,0.169,1.976,2.488,1.259,0.014,0.771,17.98,245.6,0.328,0.406,clean
9079,ebro,197.9,745.825,9.841,27.05,32.832,0.574,0.227,2.907,2.245,0.772,0.028,0.574,15.79,209.4,0.427,0.686,clean
9080,ebro,47.0,1687.616,18.985,19.512,40.117,0.318,0.0,4.608,1.933,0.42,0.215,0.401,12.0,177.9,0.513,0.681,clean
9086,ebro,74.3,690.199,6.757,27.988,30.754,0.343,0.449,1.96,2.499,1.275,0.012,0.789,17.92,244.5,0.331,0.208,clean
9093,ebro,1065.1,845.847,5.443,27.548,32.334,0.244,0.463,2.003,2.345,1.171,0.039,0.774,14.74,222.1,0.392,0.172,clean
9100,ebro,141.2,1042.148,7.604,24.834,37.674,0.352,0.084,1.567,2.707,1.728,0.038,0.757,18.9,262.5,0.281,0.061,regulated_low
9101,ebro,2194.7,1103.121,14.477,22.417,39.165,0.59,0.091,3.398,2.244,0.66,0.088,0.512,13.69,194.1,0.469,0.275,clean
9110,ebro,48.8,966.402,12.691,26.175,36.18,0.898,0.0,1.814,2.659,1.466,0.018,0.714,19.69,267.1,0.269,0.127,clean
9111,ebro,2392.3,1669.895,17.529,18.63,45.785,0.568,0.017,2.672,2.013,0.754,0.2,0.705,13.81,201.9,0.447,0.367,clean
9113,ebro,57.7,938.617,12.348,26.334,36.042,0.885,0.003,1.811,2.662,1.47,0.02,0.716,19.71,266.8,0.27,0.004,regulated_low
9122,ebro,125.5,1042.651,6.409,23.16,40.595,0.199,0.183,1.563,2.739,1.752,0.029,0.744,18.68,257.3,0.296,0.048,regulated_low
9123,ebro,1399.6,1271.844,14.523,22.229,39.239,0.539,0.055,3.254,2.236,0.687,0.127,0.435,15.19,198.6,0.456,0.507,clean
9127,ebro,595.6,1102.269,7.599,23.609,39.514,0.245,0.145,1.553,2.678,1.725,0.044,0.778,18.82,257.6,0.295,0.084,clean
9139,ebro,326.5,1111.176,10.146,22.938,40.163,0.352,0.079,1.926,2.423,1.258,0.047,0.723,17.56,236.5,0.353,0.147,clean
9142,ebro,111.9,1485.318,11.099,20.35,42.469,0.772,0.0,2.371,2.205,0.93,0.132,0.724,14.74,214.0,0.414,0.541,clean
9147,ebro,464.7,949.693,3.299,24.446,39.338,0.149,0.556,1.343,2.735,2.037,0.021,0.865,19.32,267.0,0.269,0.036,regulated_low
9148,ebro,68.9,1036.471,15.795,26.091,35.684,0.702,0.013,2.29,2.399,1.048,0.051,0.801,19.69,244.0,0.332,0.235,clean
9150,ebro,28.1,743.578,9.456,27.63,32.69,0.478,0.202,2.458,2.326,0.946,0.026,0.717,16.34,225.2,0.384,0.264,clean
9153,ebro,116.2,707.424,10.713,27.229,34.705,0.667,0.117,1.729,2.759,1.596,0.01,0.773,20.56,275.9,0.245,0.334,clean
